dataset,MAE
Training,1.0821884578514018
Cross-validation,1.1776756111557425
Test,1.3647274856701814
